0,1
data/188.jpg,mask/188.png
data/346.jpg,mask/346.png
data/44.jpg,mask/44.png
data/330.jpg,mask/330.png
data/285.jpg,mask/285.png
data/149.jpg,mask/149.png
data/342.jpg,mask/342.png
data/113.jpg,mask/113.png
data/308.jpg,mask/308.png
data/333.jpg,mask/333.png
data/351.jpg,mask/351.png
data/126.jpg,mask/126.png
data/84.jpg,mask/84.png
data/258.jpg,mask/258.png
data/283.jpg,mask/283.png
data/263.jpg,mask/263.png
data/211.jpg,mask/211.png
data/272.jpg,mask/272.png
data/105.jpg,mask/105.png
data/398.jpg,mask/398.png
data/66.jpg,mask/66.png
data/271.jpg,mask/271.png
data/297.jpg,mask/297.png
data/71.jpg,mask/71.png
data/63.jpg,mask/63.png
data/379.jpg,mask/379.png
data/264.jpg,mask/264.png
data/62.jpg,mask/62.png
data/359.jpg,mask/359.png
data/239.jpg,mask/239.png
data/226.jpg,mask/226.png
data/280.jpg,mask/280.png
data/343.jpg,mask/343.png
data/250.jpg,mask/250.png
data/140.jpg,mask/140.png
data/232.jpg,mask/232.png
data/183.jpg,mask/183.png
data/142.jpg,mask/142.png
data/395.jpg,mask/395.png
data/77.jpg,mask/77.png
data/189.jpg,mask/189.png
data/238.jpg,mask/238.png
data/200.jpg,mask/200.png
data/349.jpg,mask/349.png
data/289.jpg,mask/289.png
data/220.jpg,mask/220.png
data/288.jpg,mask/288.png
data/10.jpg,mask/10.png
data/217.jpg,mask/217.png
data/370.jpg,mask/370.png
data/72.jpg,mask/72.png
data/255.jpg,mask/255.png
data/90.jpg,mask/90.png
data/337.jpg,mask/337.png
data/206.jpg,mask/206.png
data/377.jpg,mask/377.png
data/396.jpg,mask/396.png
data/210.jpg,mask/210.png
data/81.jpg,mask/81.png
data/155.jpg,mask/155.png
data/1.jpg,mask/1.png
data/299.jpg,mask/299.png
data/177.jpg,mask/177.png
data/69.jpg,mask/69.png
data/235.jpg,mask/235.png
data/26.jpg,mask/26.png
data/251.jpg,mask/251.png
data/241.jpg,mask/241.png
data/208.jpg,mask/208.png
data/341.jpg,mask/341.png
data/294.jpg,mask/294.png
data/180.jpg,mask/180.png
data/108.jpg,mask/108.png
data/65.jpg,mask/65.png
data/176.jpg,mask/176.png
data/146.jpg,mask/146.png
data/74.jpg,mask/74.png
data/168.jpg,mask/168.png
data/73.jpg,mask/73.png
data/78.jpg,mask/78.png
data/381.jpg,mask/381.png
data/49.jpg,mask/49.png
data/86.jpg,mask/86.png
data/18.jpg,mask/18.png
data/373.jpg,mask/373.png
data/139.jpg,mask/139.png
data/198.jpg,mask/198.png
data/362.jpg,mask/362.png
data/309.jpg,mask/309.png
data/75.jpg,mask/75.png
data/117.jpg,mask/117.png
data/161.jpg,mask/161.png
data/156.jpg,mask/156.png
data/296.jpg,mask/296.png
data/29.jpg,mask/29.png
data/354.jpg,mask/354.png
data/99.jpg,mask/99.png
data/13.jpg,mask/13.png
data/83.jpg,mask/83.png
data/4.jpg,mask/4.png
data/268.jpg,mask/268.png
data/260.jpg,mask/260.png
data/195.jpg,mask/195.png
data/123.jpg,mask/123.png
data/324.jpg,mask/324.png
data/209.jpg,mask/209.png
data/64.jpg,mask/64.png
data/12.jpg,mask/12.png
data/259.jpg,mask/259.png
data/221.jpg,mask/221.png
data/119.jpg,mask/119.png
data/17.jpg,mask/17.png
data/160.jpg,mask/160.png
data/318.jpg,mask/318.png
data/88.jpg,mask/88.png
data/386.jpg,mask/386.png
data/282.jpg,mask/282.png
data/298.jpg,mask/298.png
data/277.jpg,mask/277.png
data/196.jpg,mask/196.png
data/303.jpg,mask/303.png
data/322.jpg,mask/322.png
data/186.jpg,mask/186.png
data/154.jpg,mask/154.png
data/166.jpg,mask/166.png
data/245.jpg,mask/245.png
data/16.jpg,mask/16.png
data/275.jpg,mask/275.png
data/383.jpg,mask/383.png
data/47.jpg,mask/47.png
data/128.jpg,mask/128.png
data/175.jpg,mask/175.png
data/242.jpg,mask/242.png
data/291.jpg,mask/291.png
data/170.jpg,mask/170.png
data/236.jpg,mask/236.png
data/358.jpg,mask/358.png
data/243.jpg,mask/243.png
data/30.jpg,mask/30.png
data/38.jpg,mask/38.png
data/279.jpg,mask/279.png
data/295.jpg,mask/295.png
data/14.jpg,mask/14.png
data/56.jpg,mask/56.png
data/131.jpg,mask/131.png
data/33.jpg,mask/33.png
data/314.jpg,mask/314.png
data/301.jpg,mask/301.png
data/207.jpg,mask/207.png
data/344.jpg,mask/344.png
data/3.jpg,mask/3.png
data/144.jpg,mask/144.png
data/276.jpg,mask/276.png
data/293.jpg,mask/293.png
data/50.jpg,mask/50.png
data/281.jpg,mask/281.png
data/262.jpg,mask/262.png
data/334.jpg,mask/334.png
data/164.jpg,mask/164.png
data/388.jpg,mask/388.png
data/89.jpg,mask/89.png
data/104.jpg,mask/104.png
data/380.jpg,mask/380.png
data/384.jpg,mask/384.png
data/20.jpg,mask/20.png
data/111.jpg,mask/111.png
data/36.jpg,mask/36.png
data/368.jpg,mask/368.png
data/58.jpg,mask/58.png
data/46.jpg,mask/46.png
data/205.jpg,mask/205.png
data/321.jpg,mask/321.png
data/197.jpg,mask/197.png
data/137.jpg,mask/137.png
data/244.jpg,mask/244.png
data/365.jpg,mask/365.png
data/6.jpg,mask/6.png
data/118.jpg,mask/118.png
data/227.jpg,mask/227.png
data/290.jpg,mask/290.png
data/57.jpg,mask/57.png
data/153.jpg,mask/153.png
data/94.jpg,mask/94.png
data/327.jpg,mask/327.png
data/70.jpg,mask/70.png
data/286.jpg,mask/286.png
data/182.jpg,mask/182.png
data/215.jpg,mask/215.png
data/385.jpg,mask/385.png
data/172.jpg,mask/172.png
data/135.jpg,mask/135.png
data/25.jpg,mask/25.png
data/35.jpg,mask/35.png
data/100.jpg,mask/100.png
data/249.jpg,mask/249.png
data/367.jpg,mask/367.png
data/216.jpg,mask/216.png
data/28.jpg,mask/28.png
data/261.jpg,mask/261.png
data/129.jpg,mask/129.png
data/273.jpg,mask/273.png
data/375.jpg,mask/375.png
data/43.jpg,mask/43.png
data/348.jpg,mask/348.png
data/174.jpg,mask/174.png
data/374.jpg,mask/374.png
data/393.jpg,mask/393.png
data/87.jpg,mask/87.png
data/339.jpg,mask/339.png
data/109.jpg,mask/109.png
data/315.jpg,mask/315.png
data/248.jpg,mask/248.png
data/204.jpg,mask/204.png
data/202.jpg,mask/202.png
data/92.jpg,mask/92.png
data/382.jpg,mask/382.png
data/240.jpg,mask/240.png
data/394.jpg,mask/394.png
data/173.jpg,mask/173.png
data/222.jpg,mask/222.png
data/246.jpg,mask/246.png
data/190.jpg,mask/190.png
data/41.jpg,mask/41.png
data/325.jpg,mask/325.png
data/39.jpg,mask/39.png
data/338.jpg,mask/338.png
data/265.jpg,mask/265.png
data/199.jpg,mask/199.png
data/345.jpg,mask/345.png
data/214.jpg,mask/214.png
data/145.jpg,mask/145.png
data/376.jpg,mask/376.png
data/352.jpg,mask/352.png
data/21.jpg,mask/21.png
data/98.jpg,mask/98.png
data/311.jpg,mask/311.png
data/326.jpg,mask/326.png
data/223.jpg,mask/223.png
data/316.jpg,mask/316.png
data/37.jpg,mask/37.png
data/116.jpg,mask/116.png
data/151.jpg,mask/151.png
data/284.jpg,mask/284.png
data/201.jpg,mask/201.png
data/55.jpg,mask/55.png
data/218.jpg,mask/218.png
data/95.jpg,mask/95.png
data/9.jpg,mask/9.png
data/31.jpg,mask/31.png
data/7.jpg,mask/7.png
data/114.jpg,mask/114.png
data/141.jpg,mask/141.png
data/253.jpg,mask/253.png
data/162.jpg,mask/162.png
data/397.jpg,mask/397.png
data/252.jpg,mask/252.png
data/40.jpg,mask/40.png
data/347.jpg,mask/347.png
data/52.jpg,mask/52.png
data/350.jpg,mask/350.png
data/159.jpg,mask/159.png
data/54.jpg,mask/54.png
data/355.jpg,mask/355.png
data/179.jpg,mask/179.png
data/332.jpg,mask/332.png
data/184.jpg,mask/184.png
data/24.jpg,mask/24.png
data/125.jpg,mask/125.png
data/150.jpg,mask/150.png
data/307.jpg,mask/307.png
data/148.jpg,mask/148.png
data/107.jpg,mask/107.png
data/136.jpg,mask/136.png
data/225.jpg,mask/225.png
data/19.jpg,mask/19.png
data/48.jpg,mask/48.png
data/270.jpg,mask/270.png
data/361.jpg,mask/361.png
data/233.jpg,mask/233.png
data/267.jpg,mask/267.png
data/127.jpg,mask/127.png
data/185.jpg,mask/185.png
data/110.jpg,mask/110.png
data/387.jpg,mask/387.png
data/124.jpg,mask/124.png
data/356.jpg,mask/356.png
data/106.jpg,mask/106.png
data/363.jpg,mask/363.png
data/234.jpg,mask/234.png
data/257.jpg,mask/257.png
data/85.jpg,mask/85.png
data/53.jpg,mask/53.png
data/76.jpg,mask/76.png
data/59.jpg,mask/59.png
data/61.jpg,mask/61.png
data/80.jpg,mask/80.png
data/328.jpg,mask/328.png
data/102.jpg,mask/102.png
data/163.jpg,mask/163.png
data/115.jpg,mask/115.png
data/121.jpg,mask/121.png
data/158.jpg,mask/158.png
data/392.jpg,mask/392.png
data/306.jpg,mask/306.png
data/22.jpg,mask/22.png
data/93.jpg,mask/93.png
data/378.jpg,mask/378.png
data/42.jpg,mask/42.png
data/192.jpg,mask/192.png
data/101.jpg,mask/101.png
data/300.jpg,mask/300.png
data/112.jpg,mask/112.png
data/310.jpg,mask/310.png
data/274.jpg,mask/274.png
data/143.jpg,mask/143.png
data/304.jpg,mask/304.png
data/165.jpg,mask/165.png
data/32.jpg,mask/32.png
data/229.jpg,mask/229.png
data/157.jpg,mask/157.png
data/67.jpg,mask/67.png
data/329.jpg,mask/329.png
data/213.jpg,mask/213.png
data/266.jpg,mask/266.png
data/132.jpg,mask/132.png
data/317.jpg,mask/317.png
data/224.jpg,mask/224.png
data/366.jpg,mask/366.png
data/230.jpg,mask/230.png
data/34.jpg,mask/34.png
data/231.jpg,mask/231.png
data/79.jpg,mask/79.png
data/364.jpg,mask/364.png
data/292.jpg,mask/292.png
data/228.jpg,mask/228.png
data/147.jpg,mask/147.png
data/15.jpg,mask/15.png
data/247.jpg,mask/247.png
data/130.jpg,mask/130.png
data/305.jpg,mask/305.png
data/287.jpg,mask/287.png
data/313.jpg,mask/313.png
data/68.jpg,mask/68.png
data/320.jpg,mask/320.png
data/278.jpg,mask/278.png
data/336.jpg,mask/336.png
data/82.jpg,mask/82.png
data/323.jpg,mask/323.png
data/256.jpg,mask/256.png
data/191.jpg,mask/191.png
data/390.jpg,mask/390.png
data/254.jpg,mask/254.png
data/60.jpg,mask/60.png
data/237.jpg,mask/237.png
data/120.jpg,mask/120.png
data/335.jpg,mask/335.png
data/357.jpg,mask/357.png
data/340.jpg,mask/340.png
data/103.jpg,mask/103.png
data/27.jpg,mask/27.png
data/371.jpg,mask/371.png
data/51.jpg,mask/51.png
data/203.jpg,mask/203.png
data/193.jpg,mask/193.png
data/5.jpg,mask/5.png
data/360.jpg,mask/360.png
data/122.jpg,mask/122.png
data/389.jpg,mask/389.png
data/169.jpg,mask/169.png
data/187.jpg,mask/187.png
data/194.jpg,mask/194.png
data/319.jpg,mask/319.png
data/133.jpg,mask/133.png
data/302.jpg,mask/302.png
data/171.jpg,mask/171.png
data/2.jpg,mask/2.png
data/167.jpg,mask/167.png
data/181.jpg,mask/181.png
data/353.jpg,mask/353.png
data/152.jpg,mask/152.png
data/391.jpg,mask/391.png
data/331.jpg,mask/331.png
data/96.jpg,mask/96.png
data/369.jpg,mask/369.png
data/97.jpg,mask/97.png
data/8.jpg,mask/8.png
data/178.jpg,mask/178.png
data/212.jpg,mask/212.png
data/91.jpg,mask/91.png
data/219.jpg,mask/219.png
data/312.jpg,mask/312.png
data/23.jpg,mask/23.png
data/45.jpg,mask/45.png
data/134.jpg,mask/134.png
data/11.jpg,mask/11.png
data/138.jpg,mask/138.png
data/269.jpg,mask/269.png
data/372.jpg,mask/372.png
